task,participant_id,dominant_hand,used_hand,mode,version,trial,block,type,condition,key_correct,key_response,joy_correct,joy_response,correct,reaction_time,start_time,end_time,signal_detection,letter_presented
nBack,ctrl01,right,right,actual,1,1,p1,practice,1_back,,none,NA,NA,1,,2026-02-03T17:53:37.807482,2026-02-03T17:54:40.327770,null,nb_k
nBack,ctrl01,right,right,actual,1,2,p1,practice,1_back,space,space,NA,NA,1,635,2026-02-03T17:53:37.807482,2026-02-03T17:54:43.348427,hit,nb_k
nBack,ctrl01,right,right,actual,1,3,p1,practice,1_back,none,none,NA,NA,1,,2026-02-03T17:53:37.807482,2026-02-03T17:54:46.372893,correct_rejection,nb_j
nBack,ctrl01,right,right,actual,1,4,p1,practice,1_back,space,space,NA,NA,1,874,2026-02-03T17:53:37.807482,2026-02-03T17:54:49.393235,hit,nb_j
nBack,ctrl01,right,right,actual,1,5,p1,practice,1_back,none,space,NA,NA,0,536,2026-02-03T17:53:37.807482,2026-02-03T17:54:52.416271,false_alarm,nb_s
nBack,ctrl01,right,right,actual,1,6,p1,practice,1_back,none,none,NA,NA,1,,2026-02-03T17:53:37.807482,2026-02-03T17:54:55.436130,correct_rejection,nb_m
nBack,ctrl01,right,right,actual,1,7,p1,practice,1_back,none,none,NA,NA,1,,2026-02-03T17:53:37.807482,2026-02-03T17:54:58.456096,correct_rejection,nb_k
nBack,ctrl01,right,right,actual,1,8,p1,practice,1_back,space,space,NA,NA,1,771,2026-02-03T17:53:37.807482,2026-02-03T17:55:01.477957,hit,nb_k
nBack,ctrl01,right,right,actual,1,9,p1,practice,1_back,none,none,NA,NA,1,,2026-02-03T17:53:37.807482,2026-02-03T17:55:04.498961,correct_rejection,nb_h
nBack,ctrl01,right,right,actual,1,10,p1,practice,1_back,none,none,NA,NA,1,,2026-02-03T17:53:37.807482,2026-02-03T17:55:07.518898,correct_rejection,nb_j
nBack,ctrl01,right,right,actual,1,11,p2,practice,1_back,,none,NA,NA,1,,2026-02-03T17:53:37.807482,2026-02-03T17:55:14.406797,null,nb_j
nBack,ctrl01,right,right,actual,1,12,p2,practice,1_back,none,none,NA,NA,1,,2026-02-03T17:53:37.807482,2026-02-03T17:55:17.427681,correct_rejection,nb_l
nBack,ctrl01,right,right,actual,1,13,p2,practice,1_back,space,space,NA,NA,1,831,2026-02-03T17:53:37.807482,2026-02-03T17:55:20.447741,hit,nb_l
nBack,ctrl01,right,right,actual,1,14,p2,practice,1_back,space,space,NA,NA,1,984,2026-02-03T17:53:37.807482,2026-02-03T17:55:23.467610,hit,nb_l
nBack,ctrl01,right,right,actual,1,15,p2,practice,1_back,none,none,NA,NA,1,,2026-02-03T17:53:37.807482,2026-02-03T17:55:26.489505,correct_rejection,nb_d
nBack,ctrl01,right,right,actual,1,16,p2,practice,1_back,space,space,NA,NA,1,1465,2026-02-03T17:53:37.807482,2026-02-03T17:55:29.511535,hit,nb_d
nBack,ctrl01,right,right,actual,1,17,p2,practice,1_back,none,none,NA,NA,1,,2026-02-03T17:53:37.807482,2026-02-03T17:55:32.530401,correct_rejection,nb_f
nBack,ctrl01,right,right,actual,1,18,p2,practice,1_back,none,none,NA,NA,1,,2026-02-03T17:53:37.807482,2026-02-03T17:55:35.550357,correct_rejection,nb_s
nBack,ctrl01,right,right,actual,1,19,p2,practice,1_back,none,none,NA,NA,1,,2026-02-03T17:53:37.807482,2026-02-03T17:55:38.569277,correct_rejection,nb_j
nBack,ctrl01,right,right,actual,1,20,p2,practice,1_back,none,none,NA,NA,1,,2026-02-03T17:53:37.807482,2026-02-03T17:55:41.590225,correct_rejection,nb_v
nBack,ctrl01,right,right,actual,1,21,b1,experimental,1_back,,none,NA,NA,1,,2026-02-03T17:53:37.807482,2026-02-03T17:56:02.437876,null,nb_h
nBack,ctrl01,right,right,actual,1,22,b1,experimental,1_back,none,none,NA,NA,1,,2026-02-03T17:53:37.807482,2026-02-03T17:56:05.458965,correct_rejection,nb_t
nBack,ctrl01,right,right,actual,1,23,b1,experimental,1_back,none,none,NA,NA,1,,2026-02-03T17:53:37.807482,2026-02-03T17:56:08.482793,correct_rejection,nb_j
nBack,ctrl01,right,right,actual,1,24,b1,experimental,1_back,none,none,NA,NA,1,,2026-02-03T17:53:37.807482,2026-02-03T17:56:11.502793,correct_rejection,nb_f
nBack,ctrl01,right,right,actual,1,25,b1,experimental,1_back,space,space,NA,NA,1,534,2026-02-03T17:53:37.807482,2026-02-03T17:56:14.522671,hit,nb_f
nBack,ctrl01,right,right,actual,1,26,b1,experimental,1_back,none,none,NA,NA,1,,2026-02-03T17:53:37.807482,2026-02-03T17:56:17.543620,correct_rejection,nb_m
nBack,ctrl01,right,right,actual,1,27,b1,experimental,1_back,none,none,NA,NA,1,,2026-02-03T17:53:37.807482,2026-02-03T17:56:20.562591,correct_rejection,nb_l
nBack,ctrl01,right,right,actual,1,28,b1,experimental,1_back,none,none,NA,NA,1,,2026-02-03T17:53:37.807482,2026-02-03T17:56:23.582532,correct_rejection,nb_f
nBack,ctrl01,right,right,actual,1,29,b1,experimental,1_back,none,none,NA,NA,1,,2026-02-03T17:53:37.807482,2026-02-03T17:56:26.602485,correct_rejection,nb_t
nBack,ctrl01,right,right,actual,1,30,b1,experimental,1_back,none,none,NA,NA,1,,2026-02-03T17:53:37.807482,2026-02-03T17:56:29.623645,correct_rejection,nb_f
nBack,ctrl01,right,right,actual,1,31,b1,experimental,1_back,space,space,NA,NA,1,361,2026-02-03T17:53:37.807482,2026-02-03T17:56:32.644470,hit,nb_f
nBack,ctrl01,right,right,actual,1,32,b1,experimental,1_back,none,none,NA,NA,1,,2026-02-03T17:53:37.807482,2026-02-03T17:56:35.664392,correct_rejection,nb_t
nBack,ctrl01,right,right,actual,1,33,b1,experimental,1_back,none,none,NA,NA,1,,2026-02-03T17:53:37.807482,2026-02-03T17:56:38.686279,correct_rejection,nb_j
nBack,ctrl01,right,right,actual,1,34,b1,experimental,1_back,space,space,NA,NA,1,530,2026-02-03T17:53:37.807482,2026-02-03T17:56:41.706330,hit,nb_j
nBack,ctrl01,right,right,actual,1,35,b1,experimental,1_back,none,none,NA,NA,1,,2026-02-03T17:53:37.807482,2026-02-03T17:56:44.728184,correct_rejection,nb_d
nBack,ctrl01,right,right,actual,1,36,b1,experimental,1_back,none,none,NA,NA,1,,2026-02-03T17:53:37.807482,2026-02-03T17:56:47.748108,correct_rejection,nb_m
nBack,ctrl01,right,right,actual,1,37,b1,experimental,1_back,space,space,NA,NA,1,501,2026-02-03T17:53:37.807482,2026-02-03T17:56:50.768970,hit,nb_m
nBack,ctrl01,right,right,actual,1,38,b1,experimental,1_back,none,none,NA,NA,1,,2026-02-03T17:53:37.807482,2026-02-03T17:56:53.788922,correct_rejection,nb_j
nBack,ctrl01,right,right,actual,1,39,b1,experimental,1_back,space,space,NA,NA,1,743,2026-02-03T17:53:37.807482,2026-02-03T17:56:56.811067,hit,nb_j
nBack,ctrl01,right,right,actual,1,40,b1,experimental,1_back,space,space,NA,NA,1,821,2026-02-03T17:53:37.807482,2026-02-03T17:56:59.830830,hit,nb_j
nBack,ctrl01,right,right,actual,1,41,b1,experimental,1_back,none,none,NA,NA,1,,2026-02-03T17:53:37.807482,2026-02-03T17:57:02.849861,correct_rejection,nb_l
nBack,ctrl01,right,right,actual,1,42,b2,experimental,1_back,,none,NA,NA,1,,2026-02-03T17:53:37.807482,2026-02-03T17:57:17.371627,null,nb_t
nBack,ctrl01,right,right,actual,1,43,b2,experimental,1_back,space,space,NA,NA,1,606,2026-02-03T17:53:37.807482,2026-02-03T17:57:20.393492,hit,nb_t
nBack,ctrl01,right,right,actual,1,44,b2,experimental,1_back,none,none,NA,NA,1,,2026-02-03T17:53:37.807482,2026-02-03T17:57:23.416526,correct_rejection,nb_k
nBack,ctrl01,right,right,actual,1,45,b2,experimental,1_back,space,space,NA,NA,1,541,2026-02-03T17:53:37.807482,2026-02-03T17:57:26.438326,hit,nb_k
nBack,ctrl01,right,right,actual,1,46,b2,experimental,1_back,space,space,NA,NA,1,571,2026-02-03T17:53:37.807482,2026-02-03T17:57:29.458322,hit,nb_k
nBack,ctrl01,right,right,actual,1,47,b2,experimental,1_back,none,none,NA,NA,1,,2026-02-03T17:53:37.807482,2026-02-03T17:57:32.479247,correct_rejection,nb_t
nBack,ctrl01,right,right,actual,1,48,b2,experimental,1_back,none,none,NA,NA,1,,2026-02-03T17:53:37.807482,2026-02-03T17:57:35.499344,correct_rejection,nb_h
nBack,ctrl01,right,right,actual,1,49,b2,experimental,1_back,none,none,NA,NA,1,,2026-02-03T17:53:37.807482,2026-02-03T17:57:38.521095,correct_rejection,nb_j
nBack,ctrl01,right,right,actual,1,50,b2,experimental,1_back,none,none,NA,NA,1,,2026-02-03T17:53:37.807482,2026-02-03T17:57:41.541056,correct_rejection,nb_k
nBack,ctrl01,right,right,actual,1,51,b2,experimental,1_back,space,space,NA,NA,1,615,2026-02-03T17:53:37.807482,2026-02-03T17:57:44.563098,hit,nb_k
nBack,ctrl01,right,right,actual,1,52,b2,experimental,1_back,none,none,NA,NA,1,,2026-02-03T17:53:37.807482,2026-02-03T17:57:47.584631,correct_rejection,nb_f
nBack,ctrl01,right,right,actual,1,53,b2,experimental,1_back,none,none,NA,NA,1,,2026-02-03T17:53:37.807482,2026-02-03T17:57:50.604906,correct_rejection,nb_h
nBack,ctrl01,right,right,actual,1,54,b2,experimental,1_back,none,none,NA,NA,1,,2026-02-03T17:53:37.807482,2026-02-03T17:57:53.625831,correct_rejection,nb_v
nBack,ctrl01,right,right,actual,1,55,b2,experimental,1_back,none,none,NA,NA,1,,2026-02-03T17:53:37.807482,2026-02-03T17:57:56.647023,correct_rejection,nb_k
nBack,ctrl01,right,right,actual,1,56,b2,experimental,1_back,none,none,NA,NA,1,,2026-02-03T17:53:37.807482,2026-02-03T17:57:59.672195,correct_rejection,nb_j
nBack,ctrl01,right,right,actual,1,57,b2,experimental,1_back,none,none,NA,NA,1,,2026-02-03T17:53:37.807482,2026-02-03T17:58:02.694786,correct_rejection,nb_k
nBack,ctrl01,right,right,actual,1,58,b2,experimental,1_back,none,none,NA,NA,1,,2026-02-03T17:53:37.807482,2026-02-03T17:58:05.715750,correct_rejection,nb_j
nBack,ctrl01,right,right,actual,1,59,b2,experimental,1_back,none,none,NA,NA,1,,2026-02-03T17:53:37.807482,2026-02-03T17:58:08.739973,correct_rejection,nb_v
nBack,ctrl01,right,right,actual,1,60,b2,experimental,1_back,none,none,NA,NA,1,,2026-02-03T17:53:37.807482,2026-02-03T17:58:11.760535,correct_rejection,nb_j
nBack,ctrl01,right,right,actual,1,61,b2,experimental,1_back,space,space,NA,NA,1,323,2026-02-03T17:53:37.807482,2026-02-03T17:58:14.782302,hit,nb_j
nBack,ctrl01,right,right,actual,1,62,b2,experimental,1_back,space,space,NA,NA,1,648,2026-02-03T17:53:37.807482,2026-02-03T17:58:17.810485,hit,nb_j
nBack,ctrl01,right,right,actual,1,63,b3,experimental,1_back,,none,NA,NA,1,,2026-02-03T17:53:37.807482,2026-02-03T17:58:28.853262,null,nb_d
nBack,ctrl01,right,right,actual,1,64,b3,experimental,1_back,none,none,NA,NA,1,,2026-02-03T17:53:37.807482,2026-02-03T17:58:31.874290,correct_rejection,nb_l
nBack,ctrl01,right,right,actual,1,65,b3,experimental,1_back,space,space,NA,NA,1,482,2026-02-03T17:53:37.807482,2026-02-03T17:58:34.895129,hit,nb_l
nBack,ctrl01,right,right,actual,1,66,b3,experimental,1_back,space,space,NA,NA,1,476,2026-02-03T17:53:37.807482,2026-02-03T17:58:37.915005,hit,nb_l
nBack,ctrl01,right,right,actual,1,67,b3,experimental,1_back,none,none,NA,NA,1,,2026-02-03T17:53:37.807482,2026-02-03T17:58:40.936134,correct_rejection,nb_k
nBack,ctrl01,right,right,actual,1,68,b3,experimental,1_back,none,none,NA,NA,1,,2026-02-03T17:53:37.807482,2026-02-03T17:58:43.957102,correct_rejection,nb_t
nBack,ctrl01,right,right,actual,1,69,b3,experimental,1_back,space,space,NA,NA,1,593,2026-02-03T17:53:37.807482,2026-02-03T17:58:46.976955,hit,nb_t
nBack,ctrl01,right,right,actual,1,70,b3,experimental,1_back,none,none,NA,NA,1,,2026-02-03T17:53:37.807482,2026-02-03T17:58:49.999864,correct_rejection,nb_d
nBack,ctrl01,right,right,actual,1,71,b3,experimental,1_back,none,none,NA,NA,1,,2026-02-03T17:53:37.807482,2026-02-03T17:58:53.022734,correct_rejection,nb_s
nBack,ctrl01,right,right,actual,1,72,b3,experimental,1_back,space,space,NA,NA,1,590,2026-02-03T17:53:37.807482,2026-02-03T17:58:56.044808,hit,nb_s
nBack,ctrl01,right,right,actual,1,73,b3,experimental,1_back,none,none,NA,NA,1,,2026-02-03T17:53:37.807482,2026-02-03T17:58:59.066864,correct_rejection,nb_d
nBack,ctrl01,right,right,actual,1,74,b3,experimental,1_back,none,none,NA,NA,1,,2026-02-03T17:53:37.807482,2026-02-03T17:59:02.088658,correct_rejection,nb_m
nBack,ctrl01,right,right,actual,1,75,b3,experimental,1_back,none,none,NA,NA,1,,2026-02-03T17:53:37.807482,2026-02-03T17:59:05.111592,correct_rejection,nb_k
nBack,ctrl01,right,right,actual,1,76,b3,experimental,1_back,none,none,NA,NA,1,,2026-02-03T17:53:37.807482,2026-02-03T17:59:08.132738,correct_rejection,nb_h
nBack,ctrl01,right,right,actual,1,77,b3,experimental,1_back,none,none,NA,NA,1,,2026-02-03T17:53:37.807482,2026-02-03T17:59:11.154601,correct_rejection,nb_s
nBack,ctrl01,right,right,actual,1,78,b3,experimental,1_back,none,space,NA,NA,0,740,2026-02-03T17:53:37.807482,2026-02-03T17:59:14.176578,false_alarm,nb_d
nBack,ctrl01,right,right,actual,1,79,b3,experimental,1_back,none,none,NA,NA,1,,2026-02-03T17:53:37.807482,2026-02-03T17:59:17.198440,correct_rejection,nb_v
nBack,ctrl01,right,right,actual,1,80,b3,experimental,1_back,space,space,NA,NA,1,531,2026-02-03T17:53:37.807482,2026-02-03T17:59:20.218249,hit,nb_v
nBack,ctrl01,right,right,actual,1,81,b3,experimental,1_back,none,none,NA,NA,1,,2026-02-03T17:53:37.807482,2026-02-03T17:59:23.240259,correct_rejection,nb_h
nBack,ctrl01,right,right,actual,1,82,b3,experimental,1_back,space,space,NA,NA,1,538,2026-02-03T17:53:37.807482,2026-02-03T17:59:26.261377,hit,nb_h
nBack,ctrl01,right,right,actual,1,83,b3,experimental,1_back,none,none,NA,NA,1,,2026-02-03T17:53:37.807482,2026-02-03T17:59:29.283224,correct_rejection,nb_m
nBack,ctrl01,right,right,actual,1,84,p3,practice,2_back,,none,NA,NA,1,,2026-02-03T17:53:37.807482,2026-02-03T18:00:10.852290,null,nb_j
nBack,ctrl01,right,right,actual,1,85,p3,practice,2_back,,none,NA,NA,1,,2026-02-03T17:53:37.807482,2026-02-03T18:00:13.873354,null,nb_s
nBack,ctrl01,right,right,actual,1,86,p3,practice,2_back,none,none,NA,NA,1,,2026-02-03T17:53:37.807482,2026-02-03T18:00:16.896236,correct_rejection,nb_f
nBack,ctrl01,right,right,actual,1,87,p3,practice,2_back,space,space,NA,NA,1,1740,2026-02-03T17:53:37.807482,2026-02-03T18:00:19.917306,hit,nb_s
nBack,ctrl01,right,right,actual,1,88,p3,practice,2_back,none,none,NA,NA,1,,2026-02-03T17:53:37.807482,2026-02-03T18:00:22.937153,correct_rejection,nb_l
nBack,ctrl01,right,right,actual,1,89,p3,practice,2_back,space,space,NA,NA,1,731,2026-02-03T17:53:37.807482,2026-02-03T18:00:25.959052,hit,nb_s
nBack,ctrl01,right,right,actual,1,90,p3,practice,2_back,none,none,NA,NA,1,,2026-02-03T17:53:37.807482,2026-02-03T18:00:28.980948,correct_rejection,nb_t
nBack,ctrl01,right,right,actual,1,91,p3,practice,2_back,none,none,NA,NA,1,,2026-02-03T17:53:37.807482,2026-02-03T18:00:32.002938,correct_rejection,nb_j
nBack,ctrl01,right,right,actual,1,92,p3,practice,2_back,none,space,NA,NA,0,825,2026-02-03T17:53:37.807482,2026-02-03T18:00:35.024910,false_alarm,nb_l
nBack,ctrl01,right,right,actual,1,93,p3,practice,2_back,space,space,NA,NA,1,895,2026-02-03T17:53:37.807482,2026-02-03T18:00:38.046892,hit,nb_j
nBack,ctrl01,right,right,actual,1,94,p4,practice,2_back,,none,NA,NA,1,,2026-02-03T17:53:37.807482,2026-02-03T18:00:43.725710,null,nb_v
nBack,ctrl01,right,right,actual,1,95,p4,practice,2_back,,none,NA,NA,1,,2026-02-03T17:53:37.807482,2026-02-03T18:00:46.748747,null,nb_j
nBack,ctrl01,right,right,actual,1,96,p4,practice,2_back,space,space,NA,NA,1,2496,2026-02-03T17:53:37.807482,2026-02-03T18:00:49.769738,hit,nb_v
nBack,ctrl01,right,right,actual,1,97,p4,practice,2_back,none,none,NA,NA,1,,2026-02-03T17:53:37.807482,2026-02-03T18:00:52.792497,correct_rejection,nb_k
nBack,ctrl01,right,right,actual,1,98,p4,practice,2_back,none,none,NA,NA,1,,2026-02-03T17:53:37.807482,2026-02-03T18:00:55.813524,correct_rejection,nb_f
nBack,ctrl01,right,right,actual,1,99,p4,practice,2_back,none,none,NA,NA,1,,2026-02-03T17:53:37.807482,2026-02-03T18:00:58.836521,correct_rejection,nb_d
nBack,ctrl01,right,right,actual,1,100,p4,practice,2_back,none,none,NA,NA,1,,2026-02-03T17:53:37.807482,2026-02-03T18:01:01.859384,correct_rejection,nb_l
nBack,ctrl01,right,right,actual,1,101,p4,practice,2_back,none,none,NA,NA,1,,2026-02-03T17:53:37.807482,2026-02-03T18:01:04.881308,correct_rejection,nb_h
nBack,ctrl01,right,right,actual,1,102,p4,practice,2_back,space,space,NA,NA,1,818,2026-02-03T17:53:37.807482,2026-02-03T18:01:07.903239,hit,nb_l
nBack,ctrl01,right,right,actual,1,103,p4,practice,2_back,space,space,NA,NA,1,2617,2026-02-03T17:53:37.807482,2026-02-03T18:01:10.925351,hit,nb_h
nBack,ctrl01,right,right,actual,1,104,b4,experimental,2_back,,none,NA,NA,1,,2026-02-03T17:53:37.807482,2026-02-03T18:01:50.776398,null,nb_t
nBack,ctrl01,right,right,actual,1,105,b4,experimental,2_back,,none,NA,NA,1,,2026-02-03T17:53:37.807482,2026-02-03T18:01:53.816610,null,nb_f
nBack,ctrl01,right,right,actual,1,106,b4,experimental,2_back,none,none,NA,NA,1,,2026-02-03T17:53:37.807482,2026-02-03T18:01:56.839417,correct_rejection,nb_s
nBack,ctrl01,right,right,actual,1,107,b4,experimental,2_back,space,space,NA,NA,1,719,2026-02-03T17:53:37.807482,2026-02-03T18:01:59.861385,hit,nb_f
nBack,ctrl01,right,right,actual,1,108,b4,experimental,2_back,none,none,NA,NA,1,,2026-02-03T17:53:37.807482,2026-02-03T18:02:02.884371,correct_rejection,nb_j
nBack,ctrl01,right,right,actual,1,109,b4,experimental,2_back,none,none,NA,NA,1,,2026-02-03T17:53:37.807482,2026-02-03T18:02:05.908220,correct_rejection,nb_d
nBack,ctrl01,right,right,actual,1,110,b4,experimental,2_back,none,none,NA,NA,1,,2026-02-03T17:53:37.807482,2026-02-03T18:02:08.929112,correct_rejection,nb_t
nBack,ctrl01,right,right,actual,1,111,b4,experimental,2_back,none,none,NA,NA,1,,2026-02-03T17:53:37.807482,2026-02-03T18:02:11.952219,correct_rejection,nb_l
nBack,ctrl01,right,right,actual,1,112,b4,experimental,2_back,none,space,NA,NA,0,857,2026-02-03T17:53:37.807482,2026-02-03T18:02:14.972990,false_alarm,nb_f
nBack,ctrl01,right,right,actual,1,113,b4,experimental,2_back,none,space,NA,NA,0,479,2026-02-03T17:53:37.807482,2026-02-03T18:02:17.995072,false_alarm,nb_f
nBack,ctrl01,right,right,actual,1,114,b4,experimental,2_back,none,none,NA,NA,1,,2026-02-03T17:53:37.807482,2026-02-03T18:02:21.015898,correct_rejection,nb_s
nBack,ctrl01,right,right,actual,1,115,b4,experimental,2_back,none,none,NA,NA,1,,2026-02-03T17:53:37.807482,2026-02-03T18:02:24.040823,correct_rejection,nb_m
nBack,ctrl01,right,right,actual,1,116,b4,experimental,2_back,none,none,NA,NA,1,,2026-02-03T17:53:37.807482,2026-02-03T18:02:27.061996,correct_rejection,nb_v
nBack,ctrl01,right,right,actual,1,117,b4,experimental,2_back,space,space,NA,NA,1,743,2026-02-03T17:53:37.807482,2026-02-03T18:02:30.083836,hit,nb_m
nBack,ctrl01,right,right,actual,1,118,b4,experimental,2_back,none,none,NA,NA,1,,2026-02-03T17:53:37.807482,2026-02-03T18:02:33.106723,correct_rejection,nb_l
nBack,ctrl01,right,right,actual,1,119,b4,experimental,2_back,none,none,NA,NA,1,,2026-02-03T17:53:37.807482,2026-02-03T18:02:36.128758,correct_rejection,nb_t
nBack,ctrl01,right,right,actual,1,120,b4,experimental,2_back,space,space,NA,NA,1,743,2026-02-03T17:53:37.807482,2026-02-03T18:02:39.148673,hit,nb_l
nBack,ctrl01,right,right,actual,1,121,b4,experimental,2_back,space,space,NA,NA,1,1054,2026-02-03T17:53:37.807482,2026-02-03T18:02:42.169558,hit,nb_t
nBack,ctrl01,right,right,actual,1,122,b4,experimental,2_back,none,none,NA,NA,1,,2026-02-03T17:53:37.807482,2026-02-03T18:02:45.191500,correct_rejection,nb_h
nBack,ctrl01,right,right,actual,1,123,b4,experimental,2_back,space,space,NA,NA,1,762,2026-02-03T17:53:37.807482,2026-02-03T18:02:48.214450,hit,nb_t
nBack,ctrl01,right,right,actual,1,124,b4,experimental,2_back,space,none,NA,NA,0,,2026-02-03T17:53:37.807482,2026-02-03T18:02:51.235509,miss,nb_h
nBack,ctrl01,right,right,actual,1,125,b4,experimental,2_back,none,none,NA,NA,1,,2026-02-03T17:53:37.807482,2026-02-03T18:02:54.258475,correct_rejection,nb_v
nBack,ctrl01,right,right,actual,1,126,b5,experimental,2_back,,none,NA,NA,1,,2026-02-03T17:53:37.807482,2026-02-03T18:03:09.861096,null,nb_k
nBack,ctrl01,right,right,actual,1,127,b5,experimental,2_back,,none,NA,NA,1,,2026-02-03T17:53:37.807482,2026-02-03T18:03:12.885154,null,nb_k
nBack,ctrl01,right,right,actual,1,128,b5,experimental,2_back,space,space,NA,NA,1,544,2026-02-03T17:53:37.807482,2026-02-03T18:03:15.910850,hit,nb_k
nBack,ctrl01,right,right,actual,1,129,b5,experimental,2_back,none,none,NA,NA,1,,2026-02-03T17:53:37.807482,2026-02-03T18:03:18.931965,correct_rejection,nb_f
nBack,ctrl01,right,right,actual,1,130,b5,experimental,2_back,none,none,NA,NA,1,,2026-02-03T17:53:37.807482,2026-02-03T18:03:21.953487,correct_rejection,nb_f
nBack,ctrl01,right,right,actual,1,131,b5,experimental,2_back,space,space,NA,NA,1,450,2026-02-03T17:53:37.807482,2026-02-03T18:03:25.048805,hit,nb_f
nBack,ctrl01,right,right,actual,1,132,b5,experimental,2_back,none,none,NA,NA,1,,2026-02-03T17:53:37.807482,2026-02-03T18:03:28.067660,correct_rejection,nb_v
nBack,ctrl01,right,right,actual,1,133,b5,experimental,2_back,none,none,NA,NA,1,,2026-02-03T17:53:37.807482,2026-02-03T18:03:31.090727,correct_rejection,nb_l
nBack,ctrl01,right,right,actual,1,134,b5,experimental,2_back,none,none,NA,NA,1,,2026-02-03T17:53:37.807482,2026-02-03T18:03:34.112553,correct_rejection,nb_h
nBack,ctrl01,right,right,actual,1,135,b5,experimental,2_back,none,none,NA,NA,1,,2026-02-03T17:53:37.807482,2026-02-03T18:03:37.136577,correct_rejection,nb_k
nBack,ctrl01,right,right,actual,1,136,b5,experimental,2_back,none,none,NA,NA,1,,2026-02-03T17:53:37.807482,2026-02-03T18:03:40.156744,correct_rejection,nb_f
nBack,ctrl01,right,right,actual,1,137,b5,experimental,2_back,none,none,NA,NA,1,,2026-02-03T17:53:37.807482,2026-02-03T18:03:43.178443,correct_rejection,nb_j
nBack,ctrl01,right,right,actual,1,138,b5,experimental,2_back,space,space,NA,NA,1,718,2026-02-03T17:53:37.807482,2026-02-03T18:03:46.198468,hit,nb_f
nBack,ctrl01,right,right,actual,1,139,b5,experimental,2_back,none,none,NA,NA,1,,2026-02-03T17:53:37.807482,2026-02-03T18:03:49.222446,correct_rejection,nb_k
nBack,ctrl01,right,right,actual,1,140,b5,experimental,2_back,none,none,NA,NA,1,,2026-02-03T17:53:37.807482,2026-02-03T18:03:52.242685,correct_rejection,nb_l
nBack,ctrl01,right,right,actual,1,141,b5,experimental,2_back,none,none,NA,NA,1,,2026-02-03T17:53:37.807482,2026-02-03T18:03:55.263285,correct_rejection,nb_m
nBack,ctrl01,right,right,actual,1,142,b5,experimental,2_back,none,none,NA,NA,1,,2026-02-03T17:53:37.807482,2026-02-03T18:03:58.284163,correct_rejection,nb_t
nBack,ctrl01,right,right,actual,1,143,b5,experimental,2_back,space,space,NA,NA,1,642,2026-02-03T17:53:37.807482,2026-02-03T18:04:01.308107,hit,nb_m
nBack,ctrl01,right,right,actual,1,144,b5,experimental,2_back,none,none,NA,NA,1,,2026-02-03T17:53:37.807482,2026-02-03T18:04:04.327992,correct_rejection,nb_h
nBack,ctrl01,right,right,actual,1,145,b5,experimental,2_back,space,space,NA,NA,1,764,2026-02-03T17:53:37.807482,2026-02-03T18:04:07.349005,hit,nb_m
nBack,ctrl01,right,right,actual,1,146,b5,experimental,2_back,none,none,NA,NA,1,,2026-02-03T17:53:37.807482,2026-02-03T18:04:10.370081,correct_rejection,nb_v
nBack,ctrl01,right,right,actual,1,147,b5,experimental,2_back,space,space,NA,NA,1,1306,2026-02-03T17:53:37.807482,2026-02-03T18:04:13.391896,hit,nb_m
nBack,ctrl01,right,right,actual,1,148,b6,experimental,2_back,,none,NA,NA,1,,2026-02-03T17:53:37.807482,2026-02-03T18:04:24.465719,null,nb_h
nBack,ctrl01,right,right,actual,1,149,b6,experimental,2_back,,none,NA,NA,1,,2026-02-03T17:53:37.807482,2026-02-03T18:04:27.487620,null,nb_f
nBack,ctrl01,right,right,actual,1,150,b6,experimental,2_back,space,space,NA,NA,1,1253,2026-02-03T17:53:37.807482,2026-02-03T18:04:30.507633,hit,nb_h
nBack,ctrl01,right,right,actual,1,151,b6,experimental,2_back,none,none,NA,NA,1,,2026-02-03T17:53:37.807482,2026-02-03T18:04:33.528519,correct_rejection,nb_l
nBack,ctrl01,right,right,actual,1,152,b6,experimental,2_back,space,space,NA,NA,1,712,2026-02-03T17:53:37.807482,2026-02-03T18:04:36.548513,hit,nb_h
nBack,ctrl01,right,right,actual,1,153,b6,experimental,2_back,none,none,NA,NA,1,,2026-02-03T17:53:37.807482,2026-02-03T18:04:39.570429,correct_rejection,nb_f
nBack,ctrl01,right,right,actual,1,154,b6,experimental,2_back,none,none,NA,NA,1,,2026-02-03T17:53:37.807482,2026-02-03T18:04:42.593366,correct_rejection,nb_t
nBack,ctrl01,right,right,actual,1,155,b6,experimental,2_back,none,space,NA,NA,0,1011,2026-02-03T17:53:37.807482,2026-02-03T18:04:45.616351,false_alarm,nb_d
nBack,ctrl01,right,right,actual,1,156,b6,experimental,2_back,none,none,NA,NA,1,,2026-02-03T17:53:37.807482,2026-02-03T18:04:48.636270,correct_rejection,nb_h
nBack,ctrl01,right,right,actual,1,157,b6,experimental,2_back,none,none,NA,NA,1,,2026-02-03T17:53:37.807482,2026-02-03T18:04:51.671206,correct_rejection,nb_j
nBack,ctrl01,right,right,actual,1,158,b6,experimental,2_back,none,none,NA,NA,1,,2026-02-03T17:53:37.807482,2026-02-03T18:04:54.693156,correct_rejection,nb_s
nBack,ctrl01,right,right,actual,1,159,b6,experimental,2_back,space,none,NA,NA,0,,2026-02-03T17:53:37.807482,2026-02-03T18:04:57.716069,miss,nb_j
nBack,ctrl01,right,right,actual,1,160,b6,experimental,2_back,space,space,NA,NA,1,621,2026-02-03T17:53:37.807482,2026-02-03T18:05:00.737971,hit,nb_s
nBack,ctrl01,right,right,actual,1,161,b6,experimental,2_back,none,space,NA,NA,0,748,2026-02-03T17:53:37.807482,2026-02-03T18:05:03.762062,false_alarm,nb_s
nBack,ctrl01,right,right,actual,1,162,b6,experimental,2_back,none,none,NA,NA,1,,2026-02-03T17:53:37.807482,2026-02-03T18:05:06.783093,correct_rejection,nb_h
nBack,ctrl01,right,right,actual,1,163,b6,experimental,2_back,none,none,NA,NA,1,,2026-02-03T17:53:37.807482,2026-02-03T18:05:09.806857,correct_rejection,nb_l
nBack,ctrl01,right,right,actual,1,164,b6,experimental,2_back,space,none,NA,NA,0,,2026-02-03T17:53:37.807482,2026-02-03T18:05:12.826908,miss,nb_h
nBack,ctrl01,right,right,actual,1,165,b6,experimental,2_back,space,space,NA,NA,1,675,2026-02-03T17:53:37.807482,2026-02-03T18:05:15.848793,hit,nb_l
nBack,ctrl01,right,right,actual,1,166,b6,experimental,2_back,none,none,NA,NA,1,,2026-02-03T17:53:37.807482,2026-02-03T18:05:18.869737,correct_rejection,nb_v
nBack,ctrl01,right,right,actual,1,167,b6,experimental,2_back,none,none,NA,NA,1,,2026-02-03T17:53:37.807482,2026-02-03T18:05:21.893860,correct_rejection,nb_k
nBack,ctrl01,right,right,actual,1,168,b6,experimental,2_back,none,none,NA,NA,1,,2026-02-03T17:53:37.807482,2026-02-03T18:05:24.916449,correct_rejection,nb_d
nBack,ctrl01,right,right,actual,1,169,b6,experimental,2_back,none,space,NA,NA,0,1389,2026-02-03T17:53:37.807482,2026-02-03T18:05:27.939559,false_alarm,nb_d
nBack,ctrl01,right,right,actual,1,170,p5,practice,3_back,,none,NA,NA,1,,2026-02-03T17:53:37.807482,2026-02-03T18:06:05.323921,null,nb_d
nBack,ctrl01,right,right,actual,1,171,p5,practice,3_back,,none,NA,NA,1,,2026-02-03T17:53:37.807482,2026-02-03T18:06:08.345789,null,nb_s
nBack,ctrl01,right,right,actual,1,172,p5,practice,3_back,,none,NA,NA,1,,2026-02-03T17:53:37.807482,2026-02-03T18:06:11.367640,null,nb_d
nBack,ctrl01,right,right,actual,1,173,p5,practice,3_back,none,none,NA,NA,1,,2026-02-03T17:53:37.807482,2026-02-03T18:06:14.389571,correct_rejection,nb_h
nBack,ctrl01,right,right,actual,1,174,p5,practice,3_back,none,space,NA,NA,0,1237,2026-02-03T17:53:37.807482,2026-02-03T18:06:17.413536,false_alarm,nb_d
nBack,ctrl01,right,right,actual,1,175,p5,practice,3_back,space,space,NA,NA,1,880,2026-02-03T17:53:37.807482,2026-02-03T18:06:20.435937,hit,nb_d
nBack,ctrl01,right,right,actual,1,176,p5,practice,3_back,space,space,NA,NA,1,1306,2026-02-03T17:53:37.807482,2026-02-03T18:06:23.458877,hit,nb_h
nBack,ctrl01,right,right,actual,1,177,p5,practice,3_back,none,none,NA,NA,1,,2026-02-03T17:53:37.807482,2026-02-03T18:06:26.486355,correct_rejection,nb_l
nBack,ctrl01,right,right,actual,1,178,p5,practice,3_back,none,none,NA,NA,1,,2026-02-03T17:53:37.807482,2026-02-03T18:06:29.509292,correct_rejection,nb_j
nBack,ctrl01,right,right,actual,1,179,p5,practice,3_back,space,none,NA,NA,0,,2026-02-03T17:53:37.807482,2026-02-03T18:06:32.535239,miss,nb_h
nBack,ctrl01,right,right,actual,1,180,p6,practice,3_back,,none,NA,NA,1,,2026-02-03T17:53:37.807482,2026-02-03T18:06:38.297457,null,nb_k
nBack,ctrl01,right,right,actual,1,181,p6,practice,3_back,,none,NA,NA,1,,2026-02-03T17:53:37.807482,2026-02-03T18:06:41.320155,null,nb_s
nBack,ctrl01,right,right,actual,1,182,p6,practice,3_back,,none,NA,NA,1,,2026-02-03T17:53:37.807482,2026-02-03T18:06:44.341955,null,nb_f
nBack,ctrl01,right,right,actual,1,183,p6,practice,3_back,none,none,NA,NA,1,,2026-02-03T17:53:37.807482,2026-02-03T18:06:47.364032,correct_rejection,nb_v
nBack,ctrl01,right,right,actual,1,184,p6,practice,3_back,none,space,NA,NA,0,1057,2026-02-03T17:53:37.807482,2026-02-03T18:06:50.386913,false_alarm,nb_k
nBack,ctrl01,right,right,actual,1,185,p6,practice,3_back,space,space,NA,NA,1,1769,2026-02-03T17:53:37.807482,2026-02-03T18:06:53.408081,hit,nb_f
nBack,ctrl01,right,right,actual,1,186,p6,practice,3_back,none,none,NA,NA,1,,2026-02-03T17:53:37.807482,2026-02-03T18:06:56.430839,correct_rejection,nb_j
nBack,ctrl01,right,right,actual,1,187,p6,practice,3_back,space,space,NA,NA,1,857,2026-02-03T17:53:37.807482,2026-02-03T18:06:59.454728,hit,nb_k
nBack,ctrl01,right,right,actual,1,188,p6,practice,3_back,space,space,NA,NA,1,2263,2026-02-03T17:53:37.807482,2026-02-03T18:07:02.475836,hit,nb_f
nBack,ctrl01,right,right,actual,1,189,p6,practice,3_back,none,none,NA,NA,1,,2026-02-03T17:53:37.807482,2026-02-03T18:07:05.499665,correct_rejection,nb_t
nBack,ctrl01,right,right,actual,1,190,b7,experimental,3_back,,none,NA,NA,1,,2026-02-03T17:53:37.807482,2026-02-03T18:07:15.666692,null,nb_v
nBack,ctrl01,right,right,actual,1,191,b7,experimental,3_back,,none,NA,NA,1,,2026-02-03T17:53:37.807482,2026-02-03T18:07:18.688796,null,nb_v
nBack,ctrl01,right,right,actual,1,192,b7,experimental,3_back,,none,NA,NA,1,,2026-02-03T17:53:37.807482,2026-02-03T18:07:21.710414,null,nb_j
nBack,ctrl01,right,right,actual,1,193,b7,experimental,3_back,none,none,NA,NA,1,,2026-02-03T17:53:37.807482,2026-02-03T18:07:24.733326,correct_rejection,nb_t
nBack,ctrl01,right,right,actual,1,194,b7,experimental,3_back,none,none,NA,NA,1,,2026-02-03T17:53:37.807482,2026-02-03T18:07:27.757384,correct_rejection,nb_s
nBack,ctrl01,right,right,actual,1,195,b7,experimental,3_back,none,none,NA,NA,1,,2026-02-03T17:53:37.807482,2026-02-03T18:07:30.779242,correct_rejection,nb_s
nBack,ctrl01,right,right,actual,1,196,b7,experimental,3_back,none,none,NA,NA,1,,2026-02-03T17:53:37.807482,2026-02-03T18:07:33.801359,correct_rejection,nb_d
nBack,ctrl01,right,right,actual,1,197,b7,experimental,3_back,space,none,NA,NA,0,,2026-02-03T17:53:37.807482,2026-02-03T18:07:36.825142,miss,nb_s
nBack,ctrl01,right,right,actual,1,198,b7,experimental,3_back,space,space,NA,NA,1,558,2026-02-03T17:53:37.807482,2026-02-03T18:07:39.846270,hit,nb_s
nBack,ctrl01,right,right,actual,1,199,b7,experimental,3_back,space,space,NA,NA,1,2044,2026-02-03T17:53:37.807482,2026-02-03T18:07:42.869107,hit,nb_d
nBack,ctrl01,right,right,actual,1,200,b7,experimental,3_back,none,none,NA,NA,1,,2026-02-03T17:53:37.807482,2026-02-03T18:07:45.891962,correct_rejection,nb_k
nBack,ctrl01,right,right,actual,1,201,b7,experimental,3_back,none,space,NA,NA,0,556,2026-02-03T17:53:37.807482,2026-02-03T18:07:48.914025,false_alarm,nb_d
nBack,ctrl01,right,right,actual,1,202,b7,experimental,3_back,space,none,NA,NA,0,,2026-02-03T17:53:37.807482,2026-02-03T18:07:51.936821,miss,nb_d
nBack,ctrl01,right,right,actual,1,203,b7,experimental,3_back,none,none,NA,NA,1,,2026-02-03T17:53:37.807482,2026-02-03T18:07:54.957840,correct_rejection,nb_f
nBack,ctrl01,right,right,actual,1,204,b7,experimental,3_back,none,none,NA,NA,1,,2026-02-03T17:53:37.807482,2026-02-03T18:07:57.977741,correct_rejection,nb_l
nBack,ctrl01,right,right,actual,1,205,b7,experimental,3_back,space,space,NA,NA,1,768,2026-02-03T17:53:37.807482,2026-02-03T18:08:01.002737,hit,nb_d
nBack,ctrl01,right,right,actual,1,206,b7,experimental,3_back,none,none,NA,NA,1,,2026-02-03T17:53:37.807482,2026-02-03T18:08:04.026610,correct_rejection,nb_v
nBack,ctrl01,right,right,actual,1,207,b7,experimental,3_back,none,space,NA,NA,0,1051,2026-02-03T17:53:37.807482,2026-02-03T18:08:07.049643,false_alarm,nb_k
nBack,ctrl01,right,right,actual,1,208,b7,experimental,3_back,none,none,NA,NA,1,,2026-02-03T17:53:37.807482,2026-02-03T18:08:10.070498,correct_rejection,nb_m
nBack,ctrl01,right,right,actual,1,209,b7,experimental,3_back,none,space,NA,NA,0,574,2026-02-03T17:53:37.807482,2026-02-03T18:08:13.094542,false_alarm,nb_k
nBack,ctrl01,right,right,actual,1,210,b7,experimental,3_back,space,space,NA,NA,1,583,2026-02-03T17:53:37.807482,2026-02-03T18:08:16.191221,hit,nb_k
nBack,ctrl01,right,right,actual,1,211,b7,experimental,3_back,none,none,NA,NA,1,,2026-02-03T17:53:37.807482,2026-02-03T18:08:19.214531,correct_rejection,nb_v
nBack,ctrl01,right,right,actual,1,212,b7,experimental,3_back,none,none,NA,NA,1,,2026-02-03T17:53:37.807482,2026-02-03T18:08:22.239436,correct_rejection,nb_s
nBack,ctrl01,right,right,actual,1,213,b8,experimental,3_back,,none,NA,NA,1,,2026-02-03T17:53:37.807482,2026-02-03T18:08:32.752468,null,nb_l
nBack,ctrl01,right,right,actual,1,214,b8,experimental,3_back,,none,NA,NA,1,,2026-02-03T17:53:37.807482,2026-02-03T18:08:35.773698,null,nb_l
nBack,ctrl01,right,right,actual,1,215,b8,experimental,3_back,,none,NA,NA,1,,2026-02-03T17:53:37.807482,2026-02-03T18:08:38.796484,null,nb_v
nBack,ctrl01,right,right,actual,1,216,b8,experimental,3_back,none,none,NA,NA,1,,2026-02-03T17:53:37.807482,2026-02-03T18:08:41.818678,correct_rejection,nb_k
nBack,ctrl01,right,right,actual,1,217,b8,experimental,3_back,none,none,NA,NA,1,,2026-02-03T17:53:37.807482,2026-02-03T18:08:44.839517,correct_rejection,nb_d
nBack,ctrl01,right,right,actual,1,218,b8,experimental,3_back,none,none,NA,NA,1,,2026-02-03T17:53:37.807482,2026-02-03T18:08:47.862689,correct_rejection,nb_h
nBack,ctrl01,right,right,actual,1,219,b8,experimental,3_back,none,none,NA,NA,1,,2026-02-03T17:53:37.807482,2026-02-03T18:08:50.884550,correct_rejection,nb_h
nBack,ctrl01,right,right,actual,1,220,b8,experimental,3_back,space,space,NA,NA,1,806,2026-02-03T17:53:37.807482,2026-02-03T18:08:53.907796,hit,nb_d
nBack,ctrl01,right,right,actual,1,221,b8,experimental,3_back,space,none,NA,NA,0,,2026-02-03T17:53:37.807482,2026-02-03T18:08:56.929729,miss,nb_h
nBack,ctrl01,right,right,actual,1,222,b8,experimental,3_back,none,none,NA,NA,1,,2026-02-03T17:53:37.807482,2026-02-03T18:08:59.951811,correct_rejection,nb_j
nBack,ctrl01,right,right,actual,1,223,b8,experimental,3_back,none,none,NA,NA,1,,2026-02-03T17:53:37.807482,2026-02-03T18:09:02.971981,correct_rejection,nb_m
nBack,ctrl01,right,right,actual,1,224,b8,experimental,3_back,space,space,NA,NA,1,627,2026-02-03T17:53:37.807482,2026-02-03T18:09:05.993900,hit,nb_h
nBack,ctrl01,right,right,actual,1,225,b8,experimental,3_back,none,none,NA,NA,1,,2026-02-03T17:53:37.807482,2026-02-03T18:09:09.015113,correct_rejection,nb_f
nBack,ctrl01,right,right,actual,1,226,b8,experimental,3_back,none,none,NA,NA,1,,2026-02-03T17:53:37.807482,2026-02-03T18:09:12.037961,correct_rejection,nb_k
nBack,ctrl01,right,right,actual,1,227,b8,experimental,3_back,none,space,NA,NA,0,760,2026-02-03T17:53:37.807482,2026-02-03T18:09:15.060075,false_alarm,nb_k
nBack,ctrl01,right,right,actual,1,228,b8,experimental,3_back,none,none,NA,NA,1,,2026-02-03T17:53:37.807482,2026-02-03T18:09:18.082184,correct_rejection,nb_v
nBack,ctrl01,right,right,actual,1,229,b8,experimental,3_back,none,none,NA,NA,1,,2026-02-03T17:53:37.807482,2026-02-03T18:09:21.102174,correct_rejection,nb_t
nBack,ctrl01,right,right,actual,1,230,b8,experimental,3_back,none,none,NA,NA,1,,2026-02-03T17:53:37.807482,2026-02-03T18:09:24.123278,correct_rejection,nb_m
nBack,ctrl01,right,right,actual,1,231,b8,experimental,3_back,none,none,NA,NA,1,,2026-02-03T17:53:37.807482,2026-02-03T18:09:27.146219,correct_rejection,nb_k
nBack,ctrl01,right,right,actual,1,232,b8,experimental,3_back,space,none,NA,NA,0,,2026-02-03T17:53:37.807482,2026-02-03T18:09:30.167220,miss,nb_t
nBack,ctrl01,right,right,actual,1,233,b8,experimental,3_back,space,space,NA,NA,1,913,2026-02-03T17:53:37.807482,2026-02-03T18:09:33.188324,hit,nb_m
nBack,ctrl01,right,right,actual,1,234,b8,experimental,3_back,space,none,NA,NA,0,,2026-02-03T17:53:37.807482,2026-02-03T18:09:36.212943,miss,nb_k
nBack,ctrl01,right,right,actual,1,235,b8,experimental,3_back,none,none,NA,NA,1,,2026-02-03T17:53:37.807482,2026-02-03T18:09:39.234536,correct_rejection,nb_s
nBack,ctrl01,right,right,actual,1,236,b9,experimental,3_back,,none,NA,NA,1,,2026-02-03T17:53:37.807482,2026-02-03T18:09:45.855635,null,nb_t
nBack,ctrl01,right,right,actual,1,237,b9,experimental,3_back,,none,NA,NA,1,,2026-02-03T17:53:37.807482,2026-02-03T18:09:48.877609,null,nb_j
nBack,ctrl01,right,right,actual,1,238,b9,experimental,3_back,,none,NA,NA,1,,2026-02-03T17:53:37.807482,2026-02-03T18:09:51.897919,null,nb_v
nBack,ctrl01,right,right,actual,1,239,b9,experimental,3_back,none,space,NA,NA,0,813,2026-02-03T17:53:37.807482,2026-02-03T18:09:54.918763,false_alarm,nb_j
nBack,ctrl01,right,right,actual,1,240,b9,experimental,3_back,space,none,NA,NA,0,,2026-02-03T17:53:37.807482,2026-02-03T18:09:57.940801,miss,nb_j
nBack,ctrl01,right,right,actual,1,241,b9,experimental,3_back,space,none,NA,NA,0,,2026-02-03T17:53:37.807482,2026-02-03T18:10:00.961730,miss,nb_v
nBack,ctrl01,right,right,actual,1,242,b9,experimental,3_back,none,none,NA,NA,1,,2026-02-03T17:53:37.807482,2026-02-03T18:10:03.983732,correct_rejection,nb_s
nBack,ctrl01,right,right,actual,1,243,b9,experimental,3_back,none,none,NA,NA,1,,2026-02-03T17:53:37.807482,2026-02-03T18:10:07.005771,correct_rejection,nb_m
nBack,ctrl01,right,right,actual,1,244,b9,experimental,3_back,space,space,NA,NA,1,1863,2026-02-03T17:53:37.807482,2026-02-03T18:10:10.025982,hit,nb_v
nBack,ctrl01,right,right,actual,1,245,b9,experimental,3_back,none,none,NA,NA,1,,2026-02-03T17:53:37.807482,2026-02-03T18:10:13.048738,correct_rejection,nb_m
nBack,ctrl01,right,right,actual,1,246,b9,experimental,3_back,none,none,NA,NA,1,,2026-02-03T17:53:37.807482,2026-02-03T18:10:16.068818,correct_rejection,nb_t
nBack,ctrl01,right,right,actual,1,247,b9,experimental,3_back,none,none,NA,NA,1,,2026-02-03T17:53:37.807482,2026-02-03T18:10:19.092953,correct_rejection,nb_t
nBack,ctrl01,right,right,actual,1,248,b9,experimental,3_back,space,none,NA,NA,0,,2026-02-03T17:53:37.807482,2026-02-03T18:10:22.114342,miss,nb_m
nBack,ctrl01,right,right,actual,1,249,b9,experimental,3_back,none,none,NA,NA,1,,2026-02-03T17:53:37.807482,2026-02-03T18:10:25.148751,correct_rejection,nb_h
nBack,ctrl01,right,right,actual,1,250,b9,experimental,3_back,none,none,NA,NA,1,,2026-02-03T17:53:37.807482,2026-02-03T18:10:28.174420,correct_rejection,nb_j
nBack,ctrl01,right,right,actual,1,251,b9,experimental,3_back,none,none,NA,NA,1,,2026-02-03T17:53:37.807482,2026-02-03T18:10:31.202036,correct_rejection,nb_t
nBack,ctrl01,right,right,actual,1,252,b9,experimental,3_back,none,space,NA,NA,0,1678,2026-02-03T17:53:37.807482,2026-02-03T18:10:34.224493,false_alarm,nb_t
nBack,ctrl01,right,right,actual,1,253,b9,experimental,3_back,none,space,NA,NA,0,898,2026-02-03T17:53:37.807482,2026-02-03T18:10:37.250237,false_alarm,nb_s
nBack,ctrl01,right,right,actual,1,254,b9,experimental,3_back,none,none,NA,NA,1,,2026-02-03T17:53:37.807482,2026-02-03T18:10:40.270300,correct_rejection,nb_f
nBack,ctrl01,right,right,actual,1,255,b9,experimental,3_back,space,none,NA,NA,0,,2026-02-03T17:53:37.807482,2026-02-03T18:10:43.292340,miss,nb_t
nBack,ctrl01,right,right,actual,1,256,b9,experimental,3_back,none,none,NA,NA,1,,2026-02-03T17:53:37.807482,2026-02-03T18:10:46.313519,correct_rejection,nb_j
nBack,ctrl01,right,right,actual,1,257,b9,experimental,3_back,space,none,NA,NA,0,,2026-02-03T17:53:37.807482,2026-02-03T18:10:49.335368,miss,nb_f
nBack,ctrl01,right,right,actual,1,258,b9,experimental,3_back,none,none,NA,NA,1,,2026-02-03T17:53:37.807482,2026-02-03T18:10:52.356478,correct_rejection,nb_l
