task,participant_id,language,group,session,dominant_hand,hand_used,mode,mapping,trial,block,trial_type,condition,key_correct,key_response,joy_correct,joy_response,correct,reaction_time,stimulus_path,start_time,end_time,tap_num,pace_ms,synch_sound_ticks,response_ticks,intervals
TAP,demo,,1,1,right,right,demo,1,1,p1,practice,synchronized,space,True,NA,NA,1,NA,tapping_task_tone_1000Hz_50ms_0.25amp.wav,2026-05-05_13-30-35,2026-05-05_13-30-40,1,550,13694,14219,NA
TAP,demo,,1,1,right,right,demo,1,1,p1,practice,synchronized,space,True,NA,NA,1,NA,tapping_task_tone_1000Hz_50ms_0.25amp.wav,2026-05-05_13-30-35,2026-05-05_13-30-40,2,550,14245,14718,499
TAP,demo,,1,1,right,right,demo,1,1,p1,practice,synchronized,space,True,NA,NA,1,NA,tapping_task_tone_1000Hz_50ms_0.25amp.wav,2026-05-05_13-30-35,2026-05-05_13-30-40,3,550,14795,15201,483
TAP,demo,,1,1,right,right,demo,1,1,p1,practice,synchronized,space,True,NA,NA,1,NA,tapping_task_tone_1000Hz_50ms_0.25amp.wav,2026-05-05_13-30-35,2026-05-05_13-30-40,4,550,15346,15810,609
TAP,demo,,1,1,right,right,demo,1,1,p1,practice,self_paced,space,True,NA,NA,1,NA,tapping_task_tone_1000Hz_50ms_0.25amp.wav,2026-05-05_13-30-35,2026-05-05_13-30-40,5,550,NA,16300,NA
TAP,demo,,1,1,right,right,demo,1,1,p1,practice,self_paced,space,True,NA,NA,1,NA,tapping_task_tone_1000Hz_50ms_0.25amp.wav,2026-05-05_13-30-35,2026-05-05_13-30-40,6,550,NA,16736,436
TAP,demo,,1,1,right,right,demo,1,1,p1,practice,self_paced,space,True,NA,NA,1,NA,tapping_task_tone_1000Hz_50ms_0.25amp.wav,2026-05-05_13-30-35,2026-05-05_13-30-40,7,550,NA,17186,450
TAP,demo,,1,1,right,right,demo,1,1,p1,practice,self_paced,space,True,NA,NA,1,NA,tapping_task_tone_1000Hz_50ms_0.25amp.wav,2026-05-05_13-30-35,2026-05-05_13-30-40,8,550,NA,17648,462
TAP,demo,,1,1,right,right,demo,1,1,p1,practice,self_paced,space,True,NA,NA,1,NA,tapping_task_tone_1000Hz_50ms_0.25amp.wav,2026-05-05_13-30-35,2026-05-05_13-30-40,9,550,NA,18152,504
TAP,demo,,1,1,right,right,demo,1,1,p2,practice,synchronized,space,True,NA,NA,1,NA,tapping_task_tone_1000Hz_50ms_0.25amp.wav,2026-05-05_13-30-43,2026-05-05_13-30-49,1,550,22511,23042,NA
TAP,demo,,1,1,right,right,demo,1,1,p2,practice,synchronized,space,True,NA,NA,1,NA,tapping_task_tone_1000Hz_50ms_0.25amp.wav,2026-05-05_13-30-43,2026-05-05_13-30-49,2,550,23063,23604,562
TAP,demo,,1,1,right,right,demo,1,1,p2,practice,synchronized,space,True,NA,NA,1,NA,tapping_task_tone_1000Hz_50ms_0.25amp.wav,2026-05-05_13-30-43,2026-05-05_13-30-49,3,550,23616,24149,545
TAP,demo,,1,1,right,right,demo,1,1,p2,practice,synchronized,space,True,NA,NA,1,NA,tapping_task_tone_1000Hz_50ms_0.25amp.wav,2026-05-05_13-30-43,2026-05-05_13-30-49,4,550,24168,24715,566
TAP,demo,,1,1,right,right,demo,1,1,p2,practice,self_paced,space,True,NA,NA,1,NA,tapping_task_tone_1000Hz_50ms_0.25amp.wav,2026-05-05_13-30-43,2026-05-05_13-30-49,5,550,NA,25258,NA
TAP,demo,,1,1,right,right,demo,1,1,p2,practice,self_paced,space,True,NA,NA,1,NA,tapping_task_tone_1000Hz_50ms_0.25amp.wav,2026-05-05_13-30-43,2026-05-05_13-30-49,6,550,NA,25737,479
TAP,demo,,1,1,right,right,demo,1,1,p2,practice,self_paced,space,True,NA,NA,1,NA,tapping_task_tone_1000Hz_50ms_0.25amp.wav,2026-05-05_13-30-43,2026-05-05_13-30-49,7,550,NA,26273,536
TAP,demo,,1,1,right,right,demo,1,1,p2,practice,self_paced,space,True,NA,NA,1,NA,tapping_task_tone_1000Hz_50ms_0.25amp.wav,2026-05-05_13-30-43,2026-05-05_13-30-49,8,550,NA,26768,495
TAP,demo,,1,1,right,right,demo,1,1,p2,practice,self_paced,space,True,NA,NA,1,NA,tapping_task_tone_1000Hz_50ms_0.25amp.wav,2026-05-05_13-30-43,2026-05-05_13-30-49,9,550,NA,27248,480
TAP,demo,,1,1,right,right,demo,1,1,b1,experimental,synchronized,space,True,NA,NA,0,NA,tapping_task_tone_1000Hz_50ms_0.25amp.wav,2026-05-05_13-30-55,2026-05-05_13-31-00,1,550,34160,34556,NA
TAP,demo,,1,1,right,right,demo,1,1,b1,experimental,synchronized,space,True,NA,NA,0,NA,tapping_task_tone_1000Hz_50ms_0.25amp.wav,2026-05-05_13-30-55,2026-05-05_13-31-00,2,550,34710,35179,623
TAP,demo,,1,1,right,right,demo,1,1,b1,experimental,synchronized,space,True,NA,NA,0,NA,tapping_task_tone_1000Hz_50ms_0.25amp.wav,2026-05-05_13-30-55,2026-05-05_13-31-00,3,550,35260,35755,576
TAP,demo,,1,1,right,right,demo,1,1,b1,experimental,synchronized,space,True,NA,NA,0,NA,tapping_task_tone_1000Hz_50ms_0.25amp.wav,2026-05-05_13-30-55,2026-05-05_13-31-00,4,550,35812,36333,578
TAP,demo,,1,1,right,right,demo,1,1,b1,experimental,self_paced,space,True,NA,NA,0,NA,tapping_task_tone_1000Hz_50ms_0.25amp.wav,2026-05-05_13-30-55,2026-05-05_13-31-00,5,550,NA,36830,NA
TAP,demo,,1,1,right,right,demo,1,1,b1,experimental,self_paced,space,True,NA,NA,0,NA,tapping_task_tone_1000Hz_50ms_0.25amp.wav,2026-05-05_13-30-55,2026-05-05_13-31-00,6,550,NA,37063,233
TAP,demo,,1,1,right,right,demo,1,1,b1,experimental,self_paced,space,True,NA,NA,0,NA,tapping_task_tone_1000Hz_50ms_0.25amp.wav,2026-05-05_13-30-55,2026-05-05_13-31-00,7,550,NA,37423,360
TAP,demo,,1,1,right,right,demo,1,1,b1,experimental,self_paced,space,True,NA,NA,0,NA,tapping_task_tone_1000Hz_50ms_0.25amp.wav,2026-05-05_13-30-55,2026-05-05_13-31-00,8,550,NA,37721,298
TAP,demo,,1,1,right,right,demo,1,1,b1,experimental,self_paced,space,True,NA,NA,0,NA,tapping_task_tone_1000Hz_50ms_0.25amp.wav,2026-05-05_13-30-55,2026-05-05_13-31-00,9,550,NA,37925,204
TAP,demo,,1,1,right,right,demo,1,2,b1,experimental,synchronized,space,True,NA,NA,0,NA,tapping_task_tone_1000Hz_50ms_0.25amp.wav,2026-05-05_13-31-01,2026-05-05_13-31-05,1,550,39561,39564,NA
TAP,demo,,1,1,right,right,demo,1,2,b1,experimental,synchronized,space,True,NA,NA,0,NA,tapping_task_tone_1000Hz_50ms_0.25amp.wav,2026-05-05_13-31-01,2026-05-05_13-31-05,2,550,40113,40606,1042
TAP,demo,,1,1,right,right,demo,1,2,b1,experimental,synchronized,space,True,NA,NA,0,NA,tapping_task_tone_1000Hz_50ms_0.25amp.wav,2026-05-05_13-31-01,2026-05-05_13-31-05,3,550,40664,41208,602
TAP,demo,,1,1,right,right,demo,1,2,b1,experimental,synchronized,space,FALSE,NA,NA,0,NA,tapping_task_tone_1000Hz_50ms_0.25amp.wav,2026-05-05_13-31-01,2026-05-05_13-31-05,4,550,41214,NA,NA
TAP,demo,,1,1,right,right,demo,1,2,b1,experimental,synchronized,space,True,NA,NA,0,NA,tapping_task_tone_1000Hz_50ms_0.25amp.wav,2026-05-05_13-31-01,2026-05-05_13-31-05,5,550,41766,42286,NA
TAP,demo,,1,1,right,right,demo,1,2,b1,experimental,self_paced,space,True,NA,NA,0,NA,tapping_task_tone_1000Hz_50ms_0.25amp.wav,2026-05-05_13-31-01,2026-05-05_13-31-05,6,550,NA,42434,NA
TAP,demo,,1,1,right,right,demo,1,2,b1,experimental,self_paced,space,True,NA,NA,0,NA,tapping_task_tone_1000Hz_50ms_0.25amp.wav,2026-05-05_13-31-01,2026-05-05_13-31-05,7,550,NA,42654,220
TAP,demo,,1,1,right,right,demo,1,2,b1,experimental,self_paced,space,True,NA,NA,0,NA,tapping_task_tone_1000Hz_50ms_0.25amp.wav,2026-05-05_13-31-01,2026-05-05_13-31-05,8,550,NA,42889,235
TAP,demo,,1,1,right,right,demo,1,2,b1,experimental,self_paced,space,True,NA,NA,0,NA,tapping_task_tone_1000Hz_50ms_0.25amp.wav,2026-05-05_13-31-01,2026-05-05_13-31-05,9,550,NA,43092,203
TAP,demo,,1,1,right,right,demo,1,2,b1,experimental,self_paced,space,True,NA,NA,0,NA,tapping_task_tone_1000Hz_50ms_0.25amp.wav,2026-05-05_13-31-01,2026-05-05_13-31-05,10,550,NA,43298,206
TAP,demo,,1,1,right,right,demo,1,3,b1,experimental,synchronized,space,True,NA,NA,1,NA,tapping_task_tone_1000Hz_50ms_0.25amp.wav,2026-05-05_13-31-06,2026-05-05_13-31-11,1,550,44951,45164,NA
TAP,demo,,1,1,right,right,demo,1,3,b1,experimental,synchronized,space,True,NA,NA,1,NA,tapping_task_tone_1000Hz_50ms_0.25amp.wav,2026-05-05_13-31-06,2026-05-05_13-31-11,2,550,45502,45616,452
TAP,demo,,1,1,right,right,demo,1,3,b1,experimental,synchronized,space,True,NA,NA,1,NA,tapping_task_tone_1000Hz_50ms_0.25amp.wav,2026-05-05_13-31-06,2026-05-05_13-31-11,3,550,46053,46075,459
TAP,demo,,1,1,right,right,demo,1,3,b1,experimental,synchronized,space,True,NA,NA,1,NA,tapping_task_tone_1000Hz_50ms_0.25amp.wav,2026-05-05_13-31-06,2026-05-05_13-31-11,4,550,46605,46615,540
TAP,demo,,1,1,right,right,demo,1,3,b1,experimental,self_paced,space,True,NA,NA,1,NA,tapping_task_tone_1000Hz_50ms_0.25amp.wav,2026-05-05_13-31-06,2026-05-05_13-31-11,5,550,NA,47191,NA
TAP,demo,,1,1,right,right,demo,1,3,b1,experimental,self_paced,space,True,NA,NA,1,NA,tapping_task_tone_1000Hz_50ms_0.25amp.wav,2026-05-05_13-31-06,2026-05-05_13-31-11,6,550,NA,47738,547
TAP,demo,,1,1,right,right,demo,1,3,b1,experimental,self_paced,space,True,NA,NA,1,NA,tapping_task_tone_1000Hz_50ms_0.25amp.wav,2026-05-05_13-31-06,2026-05-05_13-31-11,7,550,NA,48268,530
TAP,demo,,1,1,right,right,demo,1,3,b1,experimental,self_paced,space,True,NA,NA,1,NA,tapping_task_tone_1000Hz_50ms_0.25amp.wav,2026-05-05_13-31-06,2026-05-05_13-31-11,8,550,NA,48768,500
TAP,demo,,1,1,right,right,demo,1,3,b1,experimental,self_paced,space,True,NA,NA,1,NA,tapping_task_tone_1000Hz_50ms_0.25amp.wav,2026-05-05_13-31-06,2026-05-05_13-31-11,9,550,NA,49345,577
TAP,demo,,1,1,right,right,demo,1,4,b1,experimental,synchronized,space,True,NA,NA,0,NA,tapping_task_tone_1000Hz_50ms_0.25amp.wav,2026-05-05_13-31-12,2026-05-05_13-31-15,1,550,50985,51281,NA
TAP,demo,,1,1,right,right,demo,1,4,b1,experimental,synchronized,space,True,NA,NA,0,NA,tapping_task_tone_1000Hz_50ms_0.25amp.wav,2026-05-05_13-31-12,2026-05-05_13-31-15,2,550,51535,52008,727
TAP,demo,,1,1,right,right,demo,1,4,b1,experimental,self_paced,space,True,NA,NA,0,NA,tapping_task_tone_1000Hz_50ms_0.25amp.wav,2026-05-05_13-31-12,2026-05-05_13-31-15,3,550,NA,52192,NA
TAP,demo,,1,1,right,right,demo,1,4,b1,experimental,self_paced,space,True,NA,NA,0,NA,tapping_task_tone_1000Hz_50ms_0.25amp.wav,2026-05-05_13-31-12,2026-05-05_13-31-15,4,550,NA,52380,188
TAP,demo,,1,1,right,right,demo,1,4,b1,experimental,self_paced,space,True,NA,NA,0,NA,tapping_task_tone_1000Hz_50ms_0.25amp.wav,2026-05-05_13-31-12,2026-05-05_13-31-15,5,550,NA,52678,298
TAP,demo,,1,1,right,right,demo,1,4,b1,experimental,self_paced,space,True,NA,NA,0,NA,tapping_task_tone_1000Hz_50ms_0.25amp.wav,2026-05-05_13-31-12,2026-05-05_13-31-15,6,550,NA,52990,312
TAP,demo,,1,1,right,right,demo,1,4,b1,experimental,self_paced,space,True,NA,NA,0,NA,tapping_task_tone_1000Hz_50ms_0.25amp.wav,2026-05-05_13-31-12,2026-05-05_13-31-15,7,550,NA,53242,252
TAP,demo,,1,1,right,right,demo,1,5,b2,experimental,synchronized,space,True,NA,NA,1,NA,tapping_task_tone_1000Hz_50ms_0.25amp.wav,2026-05-05_13-31-20,2026-05-05_13-31-26,1,550,59464,59547,NA
TAP,demo,,1,1,right,right,demo,1,5,b2,experimental,synchronized,space,True,NA,NA,1,NA,tapping_task_tone_1000Hz_50ms_0.25amp.wav,2026-05-05_13-31-20,2026-05-05_13-31-26,2,550,60016,60534,987
TAP,demo,,1,1,right,right,demo,1,5,b2,experimental,synchronized,space,True,NA,NA,1,NA,tapping_task_tone_1000Hz_50ms_0.25amp.wav,2026-05-05_13-31-20,2026-05-05_13-31-26,3,550,60567,61079,545
TAP,demo,,1,1,right,right,demo,1,5,b2,experimental,synchronized,space,FALSE,NA,NA,1,NA,tapping_task_tone_1000Hz_50ms_0.25amp.wav,2026-05-05_13-31-20,2026-05-05_13-31-26,4,550,61117,NA,NA
TAP,demo,,1,1,right,right,demo,1,5,b2,experimental,synchronized,space,True,NA,NA,1,NA,tapping_task_tone_1000Hz_50ms_0.25amp.wav,2026-05-05_13-31-20,2026-05-05_13-31-26,5,550,61669,61684,NA
TAP,demo,,1,1,right,right,demo,1,5,b2,experimental,self_paced,space,True,NA,NA,1,NA,tapping_task_tone_1000Hz_50ms_0.25amp.wav,2026-05-05_13-31-20,2026-05-05_13-31-26,6,550,NA,62275,NA
TAP,demo,,1,1,right,right,demo,1,5,b2,experimental,self_paced,space,True,NA,NA,1,NA,tapping_task_tone_1000Hz_50ms_0.25amp.wav,2026-05-05_13-31-20,2026-05-05_13-31-26,7,550,NA,62807,532
TAP,demo,,1,1,right,right,demo,1,5,b2,experimental,self_paced,space,True,NA,NA,1,NA,tapping_task_tone_1000Hz_50ms_0.25amp.wav,2026-05-05_13-31-20,2026-05-05_13-31-26,8,550,NA,63341,534
TAP,demo,,1,1,right,right,demo,1,5,b2,experimental,self_paced,space,True,NA,NA,1,NA,tapping_task_tone_1000Hz_50ms_0.25amp.wav,2026-05-05_13-31-20,2026-05-05_13-31-26,9,550,NA,63856,515
TAP,demo,,1,1,right,right,demo,1,5,b2,experimental,self_paced,space,True,NA,NA,1,NA,tapping_task_tone_1000Hz_50ms_0.25amp.wav,2026-05-05_13-31-20,2026-05-05_13-31-26,10,550,NA,64447,591
TAP,demo,,1,1,right,right,demo,1,6,b2,experimental,synchronized,space,True,NA,NA,0,NA,tapping_task_tone_1000Hz_50ms_0.25amp.wav,2026-05-05_13-31-27,2026-05-05_13-31-31,1,550,66106,66480,NA
TAP,demo,,1,1,right,right,demo,1,6,b2,experimental,synchronized,space,True,NA,NA,0,NA,tapping_task_tone_1000Hz_50ms_0.25amp.wav,2026-05-05_13-31-27,2026-05-05_13-31-31,2,550,66659,66899,419
TAP,demo,,1,1,right,right,demo,1,6,b2,experimental,synchronized,space,True,NA,NA,0,NA,tapping_task_tone_1000Hz_50ms_0.25amp.wav,2026-05-05_13-31-27,2026-05-05_13-31-31,3,550,67209,67415,516
TAP,demo,,1,1,right,right,demo,1,6,b2,experimental,synchronized,space,True,NA,NA,0,NA,tapping_task_tone_1000Hz_50ms_0.25amp.wav,2026-05-05_13-31-27,2026-05-05_13-31-31,4,550,67760,67852,437
TAP,demo,,1,1,right,right,demo,1,6,b2,experimental,self_paced,space,True,NA,NA,0,NA,tapping_task_tone_1000Hz_50ms_0.25amp.wav,2026-05-05_13-31-27,2026-05-05_13-31-31,5,550,NA,68459,NA
TAP,demo,,1,1,right,right,demo,1,6,b2,experimental,self_paced,space,True,NA,NA,0,NA,tapping_task_tone_1000Hz_50ms_0.25amp.wav,2026-05-05_13-31-27,2026-05-05_13-31-31,6,550,NA,68743,284
TAP,demo,,1,1,right,right,demo,1,6,b2,experimental,self_paced,space,True,NA,NA,0,NA,tapping_task_tone_1000Hz_50ms_0.25amp.wav,2026-05-05_13-31-27,2026-05-05_13-31-31,7,550,NA,68955,212
TAP,demo,,1,1,right,right,demo,1,6,b2,experimental,self_paced,space,True,NA,NA,0,NA,tapping_task_tone_1000Hz_50ms_0.25amp.wav,2026-05-05_13-31-27,2026-05-05_13-31-31,8,550,NA,69179,224
TAP,demo,,1,1,right,right,demo,1,6,b2,experimental,self_paced,space,True,NA,NA,0,NA,tapping_task_tone_1000Hz_50ms_0.25amp.wav,2026-05-05_13-31-27,2026-05-05_13-31-31,9,550,NA,69383,204
TAP,demo,,1,1,right,right,demo,1,7,b2,experimental,synchronized,space,True,NA,NA,0,NA,tapping_task_tone_1000Hz_50ms_0.25amp.wav,2026-05-05_13-31-32,2026-05-05_13-31-36,1,550,71039,71336,NA
TAP,demo,,1,1,right,right,demo,1,7,b2,experimental,synchronized,space,True,NA,NA,0,NA,tapping_task_tone_1000Hz_50ms_0.25amp.wav,2026-05-05_13-31-32,2026-05-05_13-31-36,2,550,71590,71751,415
TAP,demo,,1,1,right,right,demo,1,7,b2,experimental,synchronized,space,True,NA,NA,0,NA,tapping_task_tone_1000Hz_50ms_0.25amp.wav,2026-05-05_13-31-32,2026-05-05_13-31-36,3,550,72142,72691,940
TAP,demo,,1,1,right,right,demo,1,7,b2,experimental,self_paced,space,True,NA,NA,0,NA,tapping_task_tone_1000Hz_50ms_0.25amp.wav,2026-05-05_13-31-32,2026-05-05_13-31-36,4,550,NA,73238,NA
TAP,demo,,1,1,right,right,demo,1,7,b2,experimental,self_paced,space,True,NA,NA,0,NA,tapping_task_tone_1000Hz_50ms_0.25amp.wav,2026-05-05_13-31-32,2026-05-05_13-31-36,5,550,NA,73636,398
TAP,demo,,1,1,right,right,demo,1,7,b2,experimental,self_paced,space,True,NA,NA,0,NA,tapping_task_tone_1000Hz_50ms_0.25amp.wav,2026-05-05_13-31-32,2026-05-05_13-31-36,6,550,NA,73851,215
TAP,demo,,1,1,right,right,demo,1,7,b2,experimental,self_paced,space,True,NA,NA,0,NA,tapping_task_tone_1000Hz_50ms_0.25amp.wav,2026-05-05_13-31-32,2026-05-05_13-31-36,7,550,NA,74024,173
TAP,demo,,1,1,right,right,demo,1,7,b2,experimental,self_paced,space,True,NA,NA,0,NA,tapping_task_tone_1000Hz_50ms_0.25amp.wav,2026-05-05_13-31-32,2026-05-05_13-31-36,8,550,NA,74229,205
TAP,demo,,1,1,right,right,demo,1,8,b2,experimental,synchronized,space,True,NA,NA,0,NA,tapping_task_tone_1000Hz_50ms_0.25amp.wav,2026-05-05_13-31-37,2026-05-05_13-31-41,1,550,75863,76035,NA
TAP,demo,,1,1,right,right,demo,1,8,b2,experimental,synchronized,space,True,NA,NA,0,NA,tapping_task_tone_1000Hz_50ms_0.25amp.wav,2026-05-05_13-31-37,2026-05-05_13-31-41,2,550,76414,76459,424
TAP,demo,,1,1,right,right,demo,1,8,b2,experimental,synchronized,space,True,NA,NA,0,NA,tapping_task_tone_1000Hz_50ms_0.25amp.wav,2026-05-05_13-31-37,2026-05-05_13-31-41,3,550,76965,76965,506
TAP,demo,,1,1,right,right,demo,1,8,b2,experimental,synchronized,space,True,NA,NA,0,NA,tapping_task_tone_1000Hz_50ms_0.25amp.wav,2026-05-05_13-31-37,2026-05-05_13-31-41,4,550,77518,77765,800
TAP,demo,,1,1,right,right,demo,1,8,b2,experimental,self_paced,space,True,NA,NA,0,NA,tapping_task_tone_1000Hz_50ms_0.25amp.wav,2026-05-05_13-31-37,2026-05-05_13-31-41,5,550,NA,78111,NA
TAP,demo,,1,1,right,right,demo,1,8,b2,experimental,self_paced,space,True,NA,NA,0,NA,tapping_task_tone_1000Hz_50ms_0.25amp.wav,2026-05-05_13-31-37,2026-05-05_13-31-41,6,550,NA,78280,169
TAP,demo,,1,1,right,right,demo,1,8,b2,experimental,self_paced,space,True,NA,NA,0,NA,tapping_task_tone_1000Hz_50ms_0.25amp.wav,2026-05-05_13-31-37,2026-05-05_13-31-41,7,550,NA,78454,174
TAP,demo,,1,1,right,right,demo,1,8,b2,experimental,self_paced,space,True,NA,NA,0,NA,tapping_task_tone_1000Hz_50ms_0.25amp.wav,2026-05-05_13-31-37,2026-05-05_13-31-41,8,550,NA,78644,190
TAP,demo,,1,1,right,right,demo,1,8,b2,experimental,self_paced,space,True,NA,NA,0,NA,tapping_task_tone_1000Hz_50ms_0.25amp.wav,2026-05-05_13-31-37,2026-05-05_13-31-41,9,550,NA,78829,185
