video,pre_snapshot
stimuli/baseline/040SoloC_baseline.mp4,stimuli/baseline/frames/040SoloC_baseline.jpg
stimuli/baseline/023SoloC_baseline.mp4,stimuli/baseline/frames/023SoloC_baseline.jpg
stimuli/baseline/031SoloC_baseline.mp4,stimuli/baseline/frames/031SoloC_baseline.jpg
stimuli/baseline/Exp3_004_baseline.mp4,stimuli/baseline/frames/Exp3_004_baseline.jpg
stimuli/baseline/115_baseline.mp4,stimuli/baseline/frames/115_baseline.jpg
stimuli/baseline/93_baseline.mp4,stimuli/baseline/frames/93_baseline.jpg
stimuli/baseline/61_baseline.mp4,stimuli/baseline/frames/61_baseline.jpg
stimuli/baseline/16_baseline.mp4,stimuli/baseline/frames/16_baseline.jpg
stimuli/baseline/105_baseline.mp4,stimuli/baseline/frames/105_baseline.jpg
stimuli/baseline/50_baseline.mp4,stimuli/baseline/frames/50_baseline.jpg
stimuli/baseline/01_baseline.mp4,stimuli/baseline/frames/01_baseline.jpg
stimuli/baseline/57_baseline.mp4,stimuli/baseline/frames/57_baseline.jpg
stimuli/baseline/33_baseline.mp4,stimuli/baseline/frames/33_baseline.jpg